Domain,Category
101gold.com,Media
1053wmax.com,Media
1069kicksfm.com,Media
1077yesfm.com,Media
10nbc.com,Media
1160wamb.com,Media
1170kfaq.com,Media
1190kex.com,Media
11alive.com,Media
1310kfka.com,Media
13wmaz.com,Media
1450knsi.com,Media
1480kyos.com,Media
2020mag.com,Media
3wsradio.com,Media
4029tv.com,Media
55krc.com,Media
5newsonline.com,Media
620ktar.com,Media
620wtmj.com,Media
670kboi.com,Media
6abc.com,Media
700wlw.com,Media
710kiro.com,Media
760kfmb.com,Media
920kvec.com,Media
929thedrive.com,Media
937theeagle.com,Media
943thepoint.com,Media
970wfla.com,Media
971talk.com,Media
977theeagle.com,Media
97country.com,Media
9news.com,Media
aacap.org,Media
aans.org,Media
aarp.org,Media
aasm.org,Media
abc.go.com,Media
abc12.com,Media
abc15.com,Media
abc17news.com,Media
abc24.com,Media
abc26.trb.com,Media
abc4.com,Media
abc6.com,Media
abc-7.com,Media
abcfoxmontana.com,Media
abcnews.go.com,Media
abcradio.com,Media
abqjournal.com,Media
adaa.org,Media
adage.com,Media
additudemag.com,Media
adn.com,Media
advocate.com,Media
adweek.com,Media
ae-africa.com,Media
afar.com,Media
affordablecollegesonline.org,Media
afspa.org,Media
agingcare.com,Media
ahajournals.org,Media
airsoc.com,Media
ajc.com,Media
ajnews.com,Media
akbizmag.com,Media
akron.com,Media
aksuperstation.com,Media
alachuatoday.com,Media
alacra.com,Media
alaska.realestaterama.com,Media
alaskajournal.com,Media
alaskapublic.org,Media
albanyherald.com,Media
albridge.com,Media
alexcityoutlook.com,Media
alleycat.org,Media
allianceforpeacebuilding.org,Media
alliedacademies.org,Media
allinahealth.org,Media
allrecipes.com,Media
allure.com,Media
almadentimes.com,Media
almasry-alyoum.com,Media
altoonamirror.com,Media
am.kbllradio.com,Media
am1090seattle.com,Media
am850.com,Media
amaalliance.org,Media
americanbrainsociety.org,Media
americanhealthandbeauty.com,Media
americanpregnancy.org,Media
americanpress.com,Media
amjmed.com,Media
am-news.com,Media
anxiety.org,Media
aol.com,Media
aotrip.com,Media
ap.org,Media
apa.org,Media
apnews.com,Media
app.com,Media
apparelnews.net,Media
appetiteforwine.blog,Media
appliance.com,Media
appliedclinicaltrialsonline.com,Media
archcare.org,Media
archive.org,Media
arkansasbusiness.com,Media
arkansaschronicle.com,Media
arkansasonline.com,Media
arthritis.org,Media
ases.org,Media
aspca.org,Media
aspendailynews.com,Media
aspentimes.com,Media
athensheartcenter.com,Media
atlanta.cbslocal.com,Media
atlanta.edgemedianetwork.com,Media
atlantatribune.com,Media
atlanticcity.edgemedianetwork.com,Media
auburnjournal.com,Media
augustachronicle.com,Media
auroranewsregister.com,Media
aurorasentinel.com,Media
austin.edgemedianetwork.com,Media
austinfamily.com,Media
azbiz.com,Media
azcentral.com,Media
azdailysun.com,Media
b96.com,Media
b97hits.com,Media
babycenter.com,Media
babyrazzi.com,Media
backushospital.org,Media
bakeryonline.com,Media
baltimore.cbslocal.com,Media
baltimore.edgemedianetwork.com,Media
baltimoresun.com,Media
bangornews.com,Media
barrons.com,Media
bartonhealth.org,Media
basea.org,Media
basinsradio.com,Media
batesvilleheraldtribune.com,Media
battersea.org.uk,Media
baycitynews.com,Media
baynews9.com,Media
bayweekly.com,Media
bbc.co.uk,Media
bbc.com,Media
bbcamerica.com,Media
bbcgoodfood.com,Media
bcbr.com,Media
beaumont.org,Media
beckersasc.com,Media
bellamag.co,Media
bendbulletin.com,Media
bentoncourier.com,Media
benzinga.com,Media
betsol.com,Media
bettersleep.org,Media
beverageonline.com,Media
bevindustry.com,Media
bevnet.com,Media
beyondblue.org.au,Media
beyondtype1.org,Media
bgdailynews.com,Media
bhf.org.uk,Media
bhg.com,Media
bicycling.com,Media
bidplymouth.org,Media
big570.com,Media
bigcountry995.com,Media
bigcountryhomepage.com,Media
bighornradio.com,Media
bikegangnyc.tumblr.com,Media
bikemag.com,Media
billboard.com,Media
billingsgazette.com,Media
billsnewscommentary.com,Media
biologicalpsychiatryjournal.com,Media
biomedcentral.com,Media
bio-medicine.org,Media
bionj.org,Media
bioohio.com,Media
biospace.com,Media
biotechgate.com,Media
bioworld.com,Media
bis.org,Media
bixbybulletin.com,Media
bizjournals.com,Media
biznews.in,Media
biznewsindex.com,Media
biztimes.com,Media
blackenterprise.com,Media
blackhillspress.com,Media
blackplanet.com,Media
blackradionetwork.com,Media
bladenews.com,Media
blairpress.com,Media
blairsvilledispatch.com,Media
bleepingmotherhood.com,Media
blogityourtuts.blogspot.com,Media
blogs.cuit.columbia.edu,Media
bloomberg.com,Media
bloombergradio.com,Media
bloomburton.com,Media
bmj.com,Media
bnpmedia.com,Media
bocaratonnews.com,Media
boerse.de,Media
bonappetit.com,Media
bookauthority.org,Media
boozemenus.com,Media
borgernewsherald.com,Media
bossierpress.com,Media
boston.cbslocal.com,Media
boston.com,Media
boston.edgemedianetwork.com,Media
bostonherald.com,Media
bourbonandoak.com,Media
bourbonblog.com,Media
boyculture.com,Media
bozemandailychronicle.com,Media
bps.org.uk,Media
bradenton.com,Media
brainandlife.org,Media
brainerddispatch.com,Media
brainline.org,Media
brandpackaging.com,Media
breastcancer.org,Media
bridalguide.com,Media
brides.com,Media
broadcastermagazine.com,Media
broadcastnewsroom.com,Media
broadcast-technology.com,Media
broadwayworld.com,Media
brock937.com,Media
brockstargaming.com,Media
broomfieldenterprise.com,Media
brownflynn.com,Media
brownsvilleherald.com,Media
buffalo.edgemedianetwork.com,Media
bulletinnews.com,Media
burlingtoncountytimes.com,Media
burlingtonfreepress.com,Media
burrellesluce.com,Media
business.inlandsocal.com,Media
business.itbusinessnet.com,Media
businessclassnews.com,Media
businessinformationgroup.ca,Media
businessinsider.com,Media
businessrecord.com,Media
businesstechinsider.com,Media
businesstrainingmedia.com,Media
bustle.com,Media
butlereagle.com,Media
buyersguide.designretailonline.com,Media
buzzfeed.com,Media
buzzfeednews.com,Media
bwn-hoco.org,Media
bxtimes.com,Media
byrdie.com,Media
cable.tmcnet.com,Media
cablinginstall.com,Media
cadillacnews.com,Media
caelusgreenroom.com,Media
caladrius.com,Media
calbizjournal.com,Media
calhountimes.com,Media
california.realestaterama.com,Media
campusmindworks.org,Media
cancer.org,Media
cancerresearchuk.org,Media
candgnews.com,Media
cannabisbusinessexecutive.com,Media
cannabisbusinessnow.com,Media
cannabislifenetwork.com,Media
cannamaps.com,Media
canyonlife.com,Media
capitalcentral.com,Media
capradio.org,Media
capstoneco.com,Media
cardiosmart.org,Media
care2.com,Media
careerjournal.com,Media
caresfl.org,Media
carlmarks.com,Media
carrollcounty.com,Media
cats.org.uk,Media
cattlenetwork.com,Media
cawa.org,Media
cbc.ca,Media
cbdoilreview.org,Media
cboe.com,Media
cbs46.com,Media
cbs8.com,Media
cbslocal.com,Media
cbsnews.com,Media
cbsradio.com,Media
cdpublications.com,Media
cedarridge.org,Media
cedarspringspost.com,Media
cef.capitallink.com,Media
cefchannel.com,Media
cenlamedia.com,Media
centralcharts.com,Media
centreseconds.com,Media
ceoexpress.com,Media
cetera.com,Media
cgmagonline.com,Media
chaikinanalytics.com,Media
charleston.net,Media
charlotte.edgemedianetwork.com,Media
chartpak.net,Media
chat.ceo.ca,Media
cherokeeherald.com,Media
cherokeetribune.com,Media
chestnet.org,Media
chibus.com,Media
chicago.cbslocal.com,Media
chicago.edgemedianetwork.com,Media
chicagobourbon.org,Media
chicagobusiness.com,Media
chicagolandgardening.com,Media
chicagolawbulletin.com,Media
chicagoreader.com,Media
chicagotribune.com,Media
childline.org.uk,Media
childmind.org,Media
chocchildrens.org,Media
chron.com,Media
chronicleonline.com,Media
cinfin.com,Media
cio.com,Media
cirano.qc.ca,Media
citizennews.com,Media
citizentribune.com,Media
cityam.com,Media
citynewsohio.com,Media
citypages.com,Media
citypaper.com,Media
citypaper.net,Media
cityroom.com,Media
cjr.org,Media
classy99.com,Media
cleburnetimesreview.com,Media
cleveland.com,Media
cleveland.edgemedianetwork.com,Media
clevelandclinic.org,Media
clevelandjewishnews.com,Media
clevelandmagazine.com,Media
click2houston.com,Media
clickondetroit.com,Media
cliffswinepicks.com,Media
clinicalleader.com,Media
closerweekly.com,Media
clspectrum.com,Media
cltv.com,Media
c-n.com,Media
cna.com.tw,Media
cnbc.com,Media
cnet.com,Media
cnn.com,Media
cntraveler.com,Media
cnybj.com,Media
cnycentral.com,Media
coastalfamily.com,Media
coastalliving.com,Media
coastlinepilot.com,Media
coastmagazine.com,Media
cobizmag.com,Media
cocktailcrafty.com,Media
cocktailwhisperer.com,Media
codyenterprise.com,Media
coffeeformom.com,Media
coherentsolutions.com,Media
colegroup.com,Media
colorado.realestaterama.com,Media
coloradoan.com,Media
coloradoconnection.com,Media
coloradodaily.com,Media
columbiachronicle.com,Media
columbiaflier.com,Media
columbian.com,Media
columbianeurology.org,Media
columbus.edgemedianetwork.com,Media
comedycentral.com,Media
commercialappeal.com,Media
commercialdesignmarketplace.com,Media
comptia.org,Media
condenast.com,Media
connecticut.realestaterama.com,Media
connecttristates.com,Media
construction.com,Media
constructionbusinessowner.com,Media
constructiondive.com,Media
constructionglobal.com,Media
consumerelectronicsnet.com,Media
consumerreports.org,Media
cookinglight.com,Media
coseia.org,Media
cosmopolitan.com,Media
countryliving.com,Media
courier-gazette.com,Media
courier-journal.com,Media
courierjournal.net,Media
courierpostonline.com,Media
courierpub.com,Media
crainsdetroit.com,Media
crbj.com,Media
creakyjoints.org,Media
crstoday.com,Media
crunchyroll.com,Media
csnphilly.com,Media
c-span.org,Media
csulb.edu,Media
ctcmycfo.com,Media
ctpost.com,Media
cw11.trb.com,Media
cw11tv.trb.com,Media
cw23.com,Media
cw27.com,Media
daily.ou.edu,Media
dailyamerican.com,Media
dailyastorian.info,Media
dailycamera.com,Media
dailycommercial.com,Media
dailycorinthian.com,Media
dailyfreeman.com,Media
dailygazette.com,Media
dailyherald.com,Media
dailyiowan.com,Media
daily-jeff.com,Media
dailyjournal.com,Media
daily-journal.com,Media
dailylocal.com,Media
dailymail.co.uk,Media
dailyneb.com,Media
dailynewsmckeesport.com,Media
dailynewsol.com,Media
dailynews-sun.com,Media
dailynewstribune.com,Media
dailyorange.com,Media
dailypennyalerts.com,Media
dailypilot.com,Media
dailyrecord.com,Media
dailyrecordnews.com,Media
dailyregister.com,Media
dailyreportonline.com,Media
dailyrepublic.com,Media
dailysouthtown.com,Media
dailytargum.com,Media
dailytelegraph.com.au,Media
dailytidings.com,Media
dailytimesleader.com,Media
dairyfoods.com,Media
dairynetwork.com,Media
dallas.edgemedianetwork.com,Media
dallasinnovates.com,Media
dallasnews.com,Media
dana-farber.org,Media
daytondailynews.com,Media
dcrhouston.com,Media
decaturdailydemocrat.com,Media
delawareonline.com,Media
delawaretoday.com,Media
democratherald.com,Media
denver.cbslocal.com,Media
denver.edgemedianetwork.com,Media
denverpost.com,Media
deploymentpsych.org,Media
deseretnews.com,Media
desertdispatch.com,Media
desert-resorts.com,Media
desertsunonline.com,Media
designfaxbuyersguide.com,Media
desmoinesregister.com,Media
destressmonday.org,Media
detnews.com,Media
detroit.cbslocal.com,Media
detroit.edgemedianetwork.com,Media
detroitchamber.com,Media
dfw.cbslocal.com,Media
digchip.com,Media
digitalmedianet.com,Media
digitalmediaonlineinc.com,Media
digitalmediawire.com,Media
digitaltrends.com,Media
digmo.org,Media
dignityhealth.org,Media
dillontribune.com,Media
directory.targetmarketingmag.com,Media
disabilityrightstx.org,Media
discovermagazine.com,Media
diva-portal.org,Media
djc.com,Media
djcoregon.com,Media
djnewsplus.com,Media
djournal.com,Media
dmagazine.com,Media
dmnnewsletter.com,Media
dmnnewswire.digitalmedianet.com,Media
dnj.com,Media
dnronline.com,Media
dominionpost.com,Media
domino.com,Media
dothaneagle.com,Media
doublet973.com,Media
doverpost.com,Media
dowjones.com,Media
downtoearth.org,Media
dptribune.com,Media
drbobtechblog.com,Media
dronethusiast.com,Media
drugdiscoveryonline.com,Media
drugfree.org,Media
drugstorenews.com,Media
dtn.com,Media
dukehealth.org,Media
duluthbudgeteer.com,Media
dunndailyrecord.com,Media
dwell.com,Media
eagle93.com,Media
eagletribune.com,Media
earthlink.net,Media
earthnetworks.com,Media
eastcountychamber.org,Media
easternwakenews.com,Media
eastoregonian.info,Media
eastsacramentonews.com,Media
easttexasnews.com,Media
eastvalleytribune.com,Media
eastwesttimes.com,Media
ebnonline.com,Media
ebony.com,Media
ebpublishing.com,Media
ecollegetimes.com,Media
economictimes.com,Media
ecpatphilippines.org,Media
ed2go.com,Media
edgemedianetwork.com,Media
educationdive.com,Media
educationmarketplace.solutions,Media
eehealth.org,Media
eejournal.com,Media
eenews.net,Media
eiu.com,Media
electric102.com,Media
elitedaily.com,Media
elitestreetsmagazine.com,Media
elkvalleytimes.com,Media
elle.com,Media
elledecor.com,Media
elpais.es,Media
elpopularnews.com,Media
elsevierbi.com,Media
eltiempo.com,Media
eltiempotoledo.com,Media
el-universal.com,Media
emagazine.com,Media
en.epochtimes.com,Media
encoremagazine.ca,Media
encyclopedia.com,Media
endi.com,Media
engadget.com,Media
enps.com,Media
enterprise.southofboston.com,Media
enterpriseapps.itbusinessnet.com,Media
entertainmenttoday.net,Media
entrepreneur.com,Media
eonline.com,Media
epbj.com,Media
epicos.com,Media
epilepsy.com,Media
epilepsy.org.au,Media
epilepsy.org.uk,Media
epilepsychicago.org,Media
epilepsydiagnosis.org,Media
epilepsysociety.org.uk,Media
erienewsnow.com,Media
ersjournals.com,Media
esignal.com,Media
esourcecanada.com,Media
espn.com,Media
espnradio1000.com,Media
esquire.com,Media
essence.com,Media
essexville.org,Media
eurekalert.org,Media
evafunds.com,Media
eveningsun.com,Media
evergreenco.com,Media
evergreentimes.com,Media
everydayhealth.com,Media
everythinglubbock.com,Media
ew.com,Media
express.co.uk,Media
extratv.com,Media
eyeoutforyou.com,Media
eyeworld.org,Media
fabricatingandmetalworking.com,Media
factiva.com,Media
familycircle.com,Media
fancypubs.com,Media
farmersvilletimes.com,Media
farmingdale-observer.com,Media
fasebj.org,Media
fastcompany.com,Media
fatpitchfinancials.com,Media
fdaregwatch.com,Media
fdfworld.com,Media
federalwaynews.net,Media
feedandgrain.com,Media
felizfoodie.com,Media
fiercebiotech.com,Media
fiercecable.com,Media
fiercehealthcare.com,Media
fiercepharma.com,Media
fiercetelecom.com,Media
fiercewireless.com,Media
finance.yahoo.com,Media
financial.org,Media
finewineconcierge.com,Media
finra.org,Media
firehouse.com,Media
fireisland.edgemedianetwork.com,Media
firemarketplace.com,Media
firstcoastnews.com,Media
firstforwomen.com,Media
firstnzcapital.co.nz,Media
fitnessclubproducts.com,Media
fitnesstrainermag.com,Media
flash.digitalmedianet.com,Media
flguide.com,Media
floridagolfmagazine.com,Media
floridamarijuana.net,Media
floridatoday.com,Media
floridavisiting.com,Media
flynutrition.org,Media
fm90.org,Media
fnen.org,Media
foniks.org,Media
foodandwine.com,Media
foodcommentary.com,Media
fooddive.com,Media
fooddrink-magazine.com,Media
foodingredientsonline.com,Media
foodlogistics.com,Media
foodonline.com,Media
foodservicecentral.com,Media
fool.com,Media
foot.com,Media
forbes.com,Media
forconstructionpros.com,Media
forsythnews.com,Media
forthealthcare.com,Media
fortune.com,Media
fourstateshomepage.com,Media
fox10tv.com,Media
fox11online.com,Media
fox13now.com,Media
fox17.com,Media
fox21delmarva.com,Media
fox24.com,Media
fox25.net,Media
fox2now.com,Media
fox30online.com,Media
fox34.com,Media
fox40.com,Media
fox40wdbd.com,Media
fox43.com,Media
fox43tv.com,Media
fox4florida.com,Media
fox4kc.com,Media
fox5vegas.com,Media
fox7.blackhills.com,Media
fox8.com,Media
foxbaltimore.com,Media
foxbusiness.com,Media
foxcarolina.com,Media
foxnews.com,Media
foxprovidence.com,Media
foxreno.com,Media
foxsanantonio.com,Media
fpinfomart.ca,Media
fredericknewspost.com,Media
fredericksburg.com,Media
freedom.com,Media
freep.com,Media
freepamphlet.wordpress.com,Media
freerepublic.com,Media
frn.com,Media
frostbank.com,Media
frugalnovice.com,Media
ft.com,Media
ftimes.com,Media
ftlauderdale.edgemedianetwork.com,Media
fwbusinesspress.com,Media
fwweekly.com,Media
gadsdentimes.com,Media
gainesvillesun.com,Media
galvnews.com,Media
gannett.com,Media
gatewaynewssource.com,Media
gatewayva.com,Media
gaytoday.com,Media
gazette.net,Media
gazetteonline.com,Media
gcada.org,Media
geisinger.org,Media
georgia.realestaterama.com,Media
georgiabulletin.org,Media
getoutofdebt.org,Media
gettyimagesnews.com,Media
gg2.net,Media
gigabitmagazine.com,Media
gilroydispatch.com,Media
girlboss.com,Media
girlslife.com,Media
gizmodo.com,Media
gjfreepress.com,Media
gjsentinel.com,Media
glamour.com,Media
globalfamilytelevision.com,Media
gloucestertimes.com,Media
gmtoday.com,Media
gocodigo.com,Media
golf.com,Media
golfdigest.com,Media
goodhousekeeping.com,Media
goodreads.com,Media
goodspiritsnews.wordpress.com,Media
goodtherapy.org,Media
gpb.org,Media
gq.com,Media
gq-magazine.co.uk,Media
grantnews.com,Media
grapelines.com,Media
graveline.com,Media
grbj.com,Media
greatfallstribune.com,Media
greatist.com,Media
greatneckrecord.com,Media
greatnorthwestwine.com,Media
greeleytrib.com,Media
greenbaypressgazette.com,Media
griffinpublishing.com,Media
gsreia.org,Media
guilford.shorepublishing.com,Media
gulfcoastnewspapers.com,Media
gundersenhealth.org,Media
guymondailyherald.com,Media
hamptonroads.com,Media
hannah.com,Media
harktheherald.com,Media
harlemworldmag.com,Media
harpersbazaar.com,Media
harrisondaily.com,Media
harvardpolitics.com,Media
hastingstribune.com,Media
hattiesburgamerican.com,Media
hawaiinewsnow.com,Media
hbgtrib.com,Media
hbindependent.com,Media
hbr.org,Media
hcet.org,Media
hdonline.com,Media
healio.com,Media
health.com,Media
healthcaredesigndirectory.com,Media
healthcaredive.com,Media
healthcareglobal.com,Media
health-care-it.com,Media
healthcentral.com,Media
healthcharities.org,Media
healthcommedia.com,Media
healthday.com,Media
healthinsiders.com,Media
healthitoutcomes.com,Media
healthline.com,Media
healthmedicinet.com,Media
healthnavigator.org.nz,Media
healthnewsdigest.com,Media
healthtech.com,Media
healthtechzone.com,Media
healthtvchannel.org,Media
healthywomen.org,Media
heart.org,Media
heartlandconnection.com,Media
heartlandrenewable.org,Media
heattreatingdirectory.com,Media
heavy.com,Media
helenair.com,Media
hellogiggles.com,Media
helpguide.org,Media
hendersonhomenews.com,Media
hendersonvillenews.com,Media
heraldbulletin.com,Media
heraldchronicle.com,Media
heraldcourier.com,Media
herald-democrat.com,Media
herald-dispatch.com,Media
heraldextra.com,Media
heraldmailmedia.com,Media
heraldstandard.com,Media
herald-sun.com,Media
heraldt.com,Media
heraldtribune.com,Media
hercampus.com,Media
heritage.com,Media
hesperiastar.com,Media
hfnmag.com,Media
hgazette.com,Media
hickoryrecord.com,Media
hicksvillenews.com,Media
hispaniconline.com,Media
hispanosnews.com,Media
hispnews.com,Media
historychannel.com,Media
hoinews.com,Media
hollywoodlife.com,Media
hollywoodreporter.com,Media
homehealthcaremarketplace.com,Media
homehealthprovider.com,Media
hometownlife.com,Media
hormone.org,Media
hotchkissfire.org,Media
hotelmoteldirectory.com,Media
hotel-online.com,Media
hotelsmag.com,Media
houmatoday.com,Media
hourdetroit.com,Media
housebeautiful.com,Media
houston.cbslocal.com,Media
houston.edgemedianetwork.com,Media
houstonchronicle.com,Media
houstonmethodist.org,Media
houstonpress.com,Media
hpe.com,Media
hpherald.com,Media
hrn.org,Media
hsconnect.com,Media
htnews.com,Media
htrnews.com,Media
htv10.tv,Media
hudsonvalley.edgemedianetwork.com,Media
hudsonvalleywinegoddess.com,Media
huffingtonpost.com,Media
huffingtonpost.com.au,Media
huffpost.com,Media
humanesociety.org,Media
humanresourcesmarketplace.com,Media
humboldtsun.com,Media
huntingtonquarterly.com,Media
hutchnews.com,Media
hvbizjournal.com,Media
ibtimes.com,Media
icatcare.org,Media
icpas.org,Media
idaho.realestaterama.com,Media
idahopress.com,Media
idahostatejournal.com,Media
idea-tv.com,Media
idsco.org,Media
idsnews.com,Media
ieee.org,Media
ifwip.org,Media
illinois.realestaterama.com,Media
illinoisradionetwork.com,Media
illinoissolar.org,Media
illustrator.digitalmedianet.com,Media
impressionsdirectory.com,Media
improper.com,Media
inc.com,Media
independent.co.uk,Media
independenttribune.com,Media
indexjournal.com,Media
indiana.realestaterama.com,Media
indiana105.com,Media
indianapolis.edgemedianetwork.com,Media
indiatimes.com,Media
indystar.com,Media
in-forum.com,Media
infozine.com,Media
insidebaltimore.com,Media
insidebiz.com,Media
inside-business.com,Media
insidecostarica.com,Media
insidedefense.com,Media
insideepa.com,Media
insidegwinnett.com,Media
insidehealthpolicy.com,Media
insider.com,Media
insidetrade.com,Media
insidewallstreetreport.com,Media
insonline.org,Media
inspirationradio.com,Media
instyle.com,Media
inthegarage.net,Media
intouchweekly.com,Media
invisionmag.com,Media
ionline.tv,Media
istss.org,Media
itbusinessedge.com,Media
itnewsonline.com,Media
itunes.apple.com,Media
itweekly.itbusinessnet.com,Media
ivanhoe.com,Media
ivpressonline.com,Media
iwpnews.com,Media
j-14.com,Media
jacksboronewspapers.com,Media
jacksonadvocate.com,Media
jacksonholenet.com,Media
jacksonsun.com,Media
jacksonvilledailynews.com,Media
jahonline.org,Media
jamanetwork.com,Media
jaoa.org,Media
jbc.org,Media
jenksjournal.com,Media
jerseycitymomblog.com,Media
jetradio1400.com,Media
jneurosci.org,Media
johnsoncitypress.com,Media
journal-courier.net,Media
journalnet.com,Media
journal-news.com,Media
journal-news.net,Media
journalnow.com,Media
journalrecord.com,Media
journal-register.com,Media
journalreview.com,Media
journals.sagepub.com,Media
journalstar.com,Media
journaltribune.com,Media
joyfm.net,Media
jscms.jrn.columbia.edu,Media
jsonline.com,Media
jstor.org,Media
jtoomim.org,Media
justsaynews.com,Media
justwineapp.com,Media
jvoice.org,Media
jwkorth.com,Media
k2tv.com,Media
k955.com,Media
kabc.com,Media
kagan.com,Media
kahi.com,Media
kaiserpermanente.org,Media
kaj18.com,Media
kake.com,Media
kalw.org,Media
kansas.realestaterama.com,Media
kare11.com,Media
kasa.com,Media
katc.com,Media
kbay.com,Media
kbbi.org,Media
kbbonline.com,Media
kbcinvestments.com,Media
kbjr6.com,Media
kbnd.com,Media
kbs.co.kr,Media
kbyr.com,Media
kbzk.com,Media
kcchronicle.com,Media
kcci.com,Media
kcet.org,Media
kchu.org,Media
kcnn.com,Media
kcpq.com,Media
kcpt.org,Media
kcra.com,Media
kcrw.org,Media
kcwi23.com,Media
kdaily.com,Media
kdhnews.com,Media
kdkd.net,Media
kdllradio.org,Media
kdrv.com,Media
kdvr.com,Media
keenesentinel.com,Media
keloland.com,Media
kenoshacounty.com,Media
kentucky.realestaterama.com,Media
kentuckynewera.com,Media
keprtv.com,Media
kera.org,Media
ketchikandailynews.com,Media
ketv.com,Media
keyc.com,Media
keyetv.com,Media
keyt.com,Media
keywest.edgemedianetwork.com,Media
kfab.com,Media
kfai.org,Media
kfan.com,Media
kfar660.com,Media
kfbk.com,Media
kfdx.com,Media
kfia.com,Media
kfiv1360.com,Media
kfls.fm,Media
kfmbfm.com,Media
kfog.com,Media
kfor.com,Media
kfoxtv.com,Media
kfsk.org,Media
kfyi.com,Media
kfyr.com,Media
kgan.com,Media
kgoradio.com,Media
kgw.com,Media
khastv.com,Media
khits.com,Media
khns.org,Media
khon.com,Media
khot.netmio.com,Media
khou.com,Media
khtk.com,Media
kiak.com,Media
kial.org,Media
kido.net,Media
kiem-tv.com,Media
kilgorenewsherald.com,Media
kimatv.com,Media
kimt-tv.com,Media
kindgreenbuds.com,Media
kingcountyjournal.com,Media
kingfeatures.com,Media
kinkstermag.nyc,Media
kinseng.org,Media
kinston.com,Media
kinyradio.com,Media
kirksvilledailyexpress.com,Media
kirotv.com,Media
kisnfm.com,Media
kitchenbathdesign.com,Media
kitchenbathguide.com,Media
kitv.com,Media
kjonline.com,Media
kjzy.com,Media
kkar.com,Media
kktv.com,Media
klce.com,Media
klewtv.com,Media
klkntv.com,Media
klz.com,Media
kmbc.com,Media
kmj580.com,Media
kmonfm.sofastweb.net,Media
kmot.com,Media
kmps.com,Media
kmun.org,Media
kmxt.org,Media
knba.org,Media
knbr.com,Media
knco.com,Media
knew910.com,Media
knewstalk.com,Media
knop.msnbc.com,Media
knowshi.com,Media
knssradio.com,Media
kntu.unt.edu,Media
koaa.com,Media
koat.com,Media
kobtv.com,Media
koco.com,Media
kodiakdailymirror.com,Media
kogo.com,Media
koin.com,Media
kolotv.com,Media
komu.com,Media
kon.org,Media
kool957fm.com,Media
kosa.com,Media
kotz.org,Media
kpam.com,Media
kpax.com,Media
kpay.com,Media
kpcc.org,Media
kpft.org,Media
kplu.org,Media
kpnx.com,Media
kpoo.com,Media
kpssolar.com,Media
kpvi.com,Media
kq2.com,Media
kqbz.com,Media
kqed.org,Media
kqv.com,Media
krbctv.com,Media
krbd.org,Media
krcrtv.com,Media
krdo.com,Media
krextv.com,Media
kristv.com,Media
kron4.com,Media
krqe.com,Media
ksat.com,Media
ksbw.com,Media
ksco.com,Media
ksdk.com,Media
ksdpradio.org,Media
ksee24.com,Media
kshb.com,Media
kska.org,Media
kskoradio.org,Media
ksl.com,Media
ksn.com,Media
ksnt.com,Media
ksoo.com,Media
ksopcountry.com,Media
ksro.com,Media
kstk.org,Media
ksts.com,Media
ksupradio.com,Media
ktcs.com,Media
ktla.com,Media
ktmd.com,Media
ktok.com,Media
ktom.com,Media
ktoo.org,Media
ktsf.com,Media
ktsm.com,Media
ktuu.com,Media
ktva.com,Media
ktvl.com,Media
ktvn.com,Media
ktvq.com,Media
ktvu.com,Media
ktxs.com,Media
kuac.alaska.edu,Media
kuam.com,Media
kule.com,Media
kuoi.org,Media
kusp.org,Media
kval.com,Media
kvie.org,Media
kvii.com,Media
kvmlam.com,Media
kvnews.com,Media
kvon.com,Media
kvue.com,Media
kwch.com,Media
kwtx.com,Media
kxan.com,Media
kxii.com,Media
kxl.com,Media
kxtv10.com,Media
kxxv.com,Media
kyma.com,Media
kynewsnet.com,Media
kyuk.org,Media
kzmqfm1003.com,Media
kzok.com,Media
kzst.com,Media
labusinessjournal.com,Media
laindependent.com,Media
lakecities.com,Media
lakesunleader.com,Media
lakewoodbuzz.com,Media
lamag.com,Media
lancasteronline.com,Media
lancnews.com,Media
landparknewsweb.com,Media
laprensaenlinea.com,Media
laprensa-sandiego.org,Media
laraza.com,Media
lascrucesbulletin.com,Media
laserfocusworld.com,Media
lasplash.com,Media
lasvegas.cbslocal.com,Media
lasvegas.com,Media
lasvegas.edgemedianetwork.com,Media
lasvegascitylife.com,Media
lasvegassun.com,Media
lasvegastribune.com,Media
latimes.com,Media
latinbusinesstoday.com,Media
latinfinance.com,Media
lats.com,Media
launchradionetworks.com,Media
lavozarizona.com,Media
lawsociety.org.nz,Media
leaderherald.com,Media
ledger.com,Media
legalrecord.net,Media
legaltimes.com,Media
lenconnect.com,Media
lex18.com,Media
lgwt.com,Media
liberalconspiracy.org,Media
life.com,Media
lifeandstylemag.com,Media
lifeextension.com,Media
lifehack.org,Media
lifehacker.com,Media
lifespan.org,Media
literock959.com,Media
livescience.com,Media
livestrong.com,Media
lluh.org,Media
lmtonline.com,Media
local12.com,Media
local15tv.com,Media
localmemphis.com,Media
localnewscomesfirst.com,Media
longdom.org,Media
longmontfyi.com,Media
longtermcareprovider.com,Media
losangeles.cbslocal.com,Media
losangeles.edgemedianetwork.com,Media
losangelessentinel.com,Media
losgatosdailynews.com,Media
louisiana.realestaterama.com,Media
louisianalife.com,Media
lowellgeneral.org,Media
lubbockcw.com,Media
lubbockonline.com,Media
lymphoma-action.org.uk,Media
macombdaily.com,Media
macworld.com,Media
madamenoire.com,Media
madison.com,Media
magic1065.com,Media
magic107.com,Media
magicvalley.com,Media
mailtribune.com,Media
mammothtimes.com,Media
managementcv.com,Media
managementtoday-magazine.com,Media
manhattanweek.com,Media
mannfordeagle.net,Media
mansfieldnewsjournal.com,Media
marchofdimes.org,Media
marieclaire.co.uk,Media
marieclaire.com,Media
mariettatimes.com,Media
marijuanaindex.com,Media
marinij.com,Media
marionstar.com,Media
market.android.com,Media
marketingdive.com,Media
marketnews.com,Media
marketnewsdesk.com,Media
marketnewsvideo.com,Media
marketwatch.com,Media
marshfieldnewsherald.com,Media
marthastewart.com,Media
martinsvillebulletin.com,Media
maryvilleforum.com,Media
mashable.com,Media
massachusetts.realestaterama.com,Media
massagemag.com,Media
massapequaobserver.com,Media
mattresshelp.org,Media
maturitas.org,Media
mayoclinicproceedings.org,Media
mcclatchy.com,Media
mcclatchyinteractive.com,Media
mctdirect.com,Media
mdjonline.com,Media
mdn.net,Media
meal-drink.com,Media
mediageneral.com,Media
medicalnewstoday.com,Media
medicinenet.com,Media
medium.com,Media
medlineplus.gov,Media
medpagetoday.com,Media
medscape.com,Media
medscape.org,Media
medshadow.org,Media
medstarhealth.org,Media
menshealth.com,Media
mensjournal.com,Media
mentalhealth.org.uk,Media
merchantnavymemorialtrust.org.uk,Media
merckmanuals.com,Media
mercola.com,Media
metroland.com,Media
metrologyworld.com,Media
metroonlinedirectory.com,Media
metropoint.com,Media
metrowestdailynews.com,Media
mhanational.org,Media
mhealth.org,Media
mhit.org,Media
miami.cbslocal.com,Media
miami.edgemedianetwork.com,Media
miamiherald.com,Media
miamitodaynews.com,Media
mibiz.com,Media
michigandaily.com,Media
michiganradio.org,Media
michiganradionetwork.com,Media
michiguide.com,Media
michronicleonline.com,Media
middletown.com,Media
midhudsoncentral.com,Media
migrainetrust.org,Media
militarynews.com,Media
millee.org,Media
millennialeye.com,Media
millenniummagazine.com,Media
mind.org.uk,Media
mindbody.io,Media
mindbodygreen.com,Media
mindful.org,Media
minnesota.cbslocal.com,Media
minnesotabusiness.com,Media
minotdailynews.com,Media
mirror.co.uk,Media
missoulanews.com,Media
missoulian.com,Media
missouri.realestaterama.com,Media
mjba.net,Media
mnc.net,Media
money.net,Media
moneyshow.com,Media
monorml.org,Media
monroemonitor.com,Media
monroenews.com,Media
mooseradio.com,Media
morganton.com,Media
morningjournal.com,Media
morningnewsonline.com,Media
morningstar.com,Media
morrisnewsservice.com,Media
mortgagedaily.com,Media
mpt.org,Media
mrt.com,Media
msbusiness.com,Media
msjonline.org,Media
msn.com,Media
msnbc.com,Media
msptoday.com,Media
mtv.com,Media
muscleandfitness.com,Media
mwcradio.com,Media
my43.net,Media
my9ny.com,Media
mycw17.com,Media
myeloma.org,Media
myfox8.com,Media
myfoxatlanta.com,Media
myfoxboston.com,Media
myfoxchicago.com,Media
myfoxdc.com,Media
myfoxdfw.com,Media
myfoxla.com,Media
myfoxny.com,Media
myfoxphilly.com,Media
myfoxphoenix.com,Media
myfoxspokane.com,Media
myfoxtampabay.com,Media
myfoxtricities.com,Media
myfoxyakima.com,Media
mylubbocktv.com,Media
myneworleans.com,Media
mynews3.com,Media
mynews4.com,Media
myphl17.trb.com,Media
mysanantonio.com,Media
mystateline.com,Media
mystictimes.thetimesgroup.com,Media
myzone.org,Media
nailsindustrydirectory.com,Media
nami.org,Media
nasdaq.com,Media
nashuatelegraph.com,Media
nashville.edgemedianetwork.com,Media
nashvillecitypaper.com,Media
nashvillepost.com,Media
nationalgeographic.com,Media
nationaljournal.com,Media
nationallawjournal.com,Media
nationalpost.com,Media
nationalreview.com,Media
nationalweekly.com,Media
nationmedia.com,Media
nativenews.net,Media
naturalmedicinejournal.com,Media
nature.com,Media
nbc10.com,Media
nbc15.com,Media
nbc16.com,Media
nbc-2.com,Media
nbc22.com,Media
nbc24.com,Media
nbc25.net,Media
nbc29.com,Media
nbc33tv.com,Media
nbc40.net,Media
nbc6.net,Media
nbcdfw.com,Media
nbclosangeles.com,Media
nbcmontana.com,Media
nbcnews.com,Media
nbcnewyork.com,Media
nbcwashington.com,Media
ncbiotech.org,Media
ncnewsonline.com,Media
ncnn.com,Media
nctimes.com,Media
nctq.org,Media
nea.org,Media
neighbornewspapers.com,Media
neurologytimes.com,Media
neurosciencenews.com,Media
nevada.realestaterama.com,Media
nevadabusiness.com,Media
newarkadvocate.com,Media
newbeauty.com,Media
newberggraphic.com,Media
newbernsj.com,Media
newburyportnews.com,Media
newcastle-news.com,Media
newhousenews.com,Media
newhydeparkillustrated.com,Media
newjersey.realestaterama.com,Media
newmexico.realestaterama.com,Media
newmexicohospitality.org,Media
neworleans.edgemedianetwork.com,Media
news.communitypress.com,Media
news.newamericamedia.org,Media
news12.com,Media
news4sanantonio.com,Media
news8austin.com,Media
news9.com,Media
newsandsentinel.com,Media
newsbank.com,Media
newsblaze.com,Media
newsbroadcastnetwork.com,Media
newscan.com,Media
newschannel8.net,Media
newschannel9.com,Media
newscientist.com,Media
newsday.com,Media
newsedge.com,Media
newsfactor.com,Media
news-gazette.com,Media
newsherald.com,Media
newsisfree.com,Media
news-journal.com,Media
news-journalonline.com,Media
newsknowledge.com,Media
newsnet5.com,Media
newsnow.co.uk,Media
newsofdelawarecounty.com,Media
newsok.com,Media
newson6.com,Media
newspath.cbs.com,Media
newspress.com,Media
news-press.com,Media
newsradio560.com,Media
newsradio610.com,Media
news-register.net,Media
newstalk590.com,Media
newstex.com,Media
newsweek.com,Media
newswire.broadcastnewsroom.com,Media
newswire.ca,Media
newtechmagazine.com,Media
newtimesbpb.com,Media
newyork.cbslocal.com,Media
newyork.edgemedianetwork.com,Media
newyork.realestaterama.com,Media
newyorker.com,Media
newyorkevents.co,Media
newyorklawjournal.com,Media
nextwavegroup.com,Media
nhbr.com,Media
nhregister.com,Media
niemagazine.com,Media
nih.gov,Media
nj.com,Media
njbmagazine.com,Media
njlawjournal.com,Media
njmonthly.com,Media
njsba.com,Media
njtc.org,Media
nmu.edu,Media
nnbw.com,Media
nnpa.org,Media
noiseandhealth.org,Media
nola.com,Media
nopanic.org.uk,Media
norfolkdailynews.com,Media
northcarolina.realestaterama.com,Media
northhaven.shorepublishing.com,Media
northstarnews.com,Media
npr.org,Media
ntrs.com,Media
nuevomundo.com,Media
nwahomepage.com,Media
nwanews.com,Media
nwcable.net,Media
nwfdailynews.com,Media
nwherald.com,Media
ny1.com,Media
nydailynews.com,Media
nylinvestments.com,Media
nyls.edu,Media
nymag.com,Media
nypost.com,Media
nysportscene.com,Media
nysun.com,Media
nytco.com,Media
nytimes.com,Media
nytsyn.com,Media
oba.com,Media
observer.com,Media
observer-eccentric.com,Media
observernewsonline.com,Media
observeronsunday.com,Media
observer-reporter.com,Media
ocbj.com,Media
ocregister.com,Media
oeonline.com,Media
ohio.com,Media
ohionewsnow.com,Media
ojaivalleynews.com,Media
ok43.com,Media
okgazette.com,Media
oklahoma.realestaterama.com,Media
oklahomatoday.com,Media
okmagazine.com,Media
oldies1051.com,Media
oleantimesherald.com,Media
omaha.com,Media
omakchronicle.com,Media
omegac.com,Media
onlineathens.com,Media
onlinesentinel.com,Media
opb.org,Media
ophthalmologymanagement.com,Media
ophthalmologytimes.com,Media
oprah.com,Media
oprahmag.com,Media
optionsxpress.com,Media
optometricmanagement.com,Media
optometrytimes.com,Media
optometryweb.com,Media
or.org,Media
oregon.realestaterama.com,Media
oregonbusiness.com,Media
oregonnews.com,Media
orf.at,Media
orlando.edgemedianetwork.com,Media
orlandosentinel.com,Media
orlandoweekly.com,Media
orovillemr.com,Media
osbar.org,Media
osteopathic.org,Media
otcmarkets.com,Media
ottawadailytimes.com,Media
ottaway.com,Media
out.com,Media
outlook-mag.com,Media
outsourcedpharma.com,Media
oxygen.com,Media
oxygenmag.com,Media
oysterbayenterprisepilot.com,Media
ozarksfirst.com,Media
ozaukeepress.com,Media
pacbiztimes.com,Media
pacificneuroscienceinstitute.org,Media
pacificresearch.org,Media
pages.questexweb.com,Media
palmbeachpost.com,Media
palmsprings.edgemedianetwork.com,Media
paloaltoonline.com,Media
parade.com,Media
paradisepost.com,Media
parents.com,Media
pasoroblespress.com,Media
pawschicago.org,Media
paxtv.com,Media
pbn.com,Media
pbs.org,Media
pbs4549.org,Media
pcmag.com,Media
people.com,Media
peopleenespanol.com,Media
permianbasin360.com,Media
pharmaca.com,Media
pharmaceuticalonline.com,Media
pharmaceutical-tech.com,Media
pharmacychoice.com,Media
pharmacytimes.com,Media
pharmafocusasia.com,Media
pharmalive.com,Media
pharmamanufacturingdirectory.com,Media
pharmasalmanac.com,Media
pharmavoice.com,Media
pharmiweb.com,Media
pharmpro.com,Media
philadelphia.cbslocal.com,Media
philadelphia.edgemedianetwork.com,Media
phila-tribune.com,Media
phillyburbs.com,Media
phillymag.com,Media
phillystylemag.com,Media
phillytrib.com,Media
phoenix.edgemedianetwork.com,Media
physicianfamilymedia.org,Media
physiciansweekly.com,Media
piedmont.org,Media
piedmontparent.com,Media
pilotonline.com,Media
pittsburgh.cbslocal.com,Media
pittsburgh.edgemedianetwork.com,Media
plainviewoldbethpageherald.com,Media
plano.gov,Media
plasticsnet.com,Media
platinumtelevision.com,Media
play.google.com,Media
plos.org,Media
poconorecord.com,Media
politico.com,Media
polkonline.com,Media
poncacitynews.com,Media
pop-pr.blogspot.com,Media
popsci.com,Media
popsugar.com,Media
portland.edgemedianetwork.com,Media
portlandobserver.com,Media
portlandphoenix.com,Media
portlandtribune.com,Media
portwashington-news.com,Media
postalemployeenetwork.com,Media
postbulletin.com,Media
post-gazette.com,Media
postherald.com,Media
postmedia.com,Media
postregister.com,Media
poteaudailynews.com,Media
potomacnews.com,Media
potomactechwire.com,Media
pottsmerc.com,Media
poughkeepsiejournal.com,Media
preciscom.net,Media
premiere.digitalmedianet.com,Media
premierhealth.com,Media
premisesnetworks.com,Media
premrad.com,Media
preparedfoods.com,Media
preparedforsurvival.blogspot.com,Media
prescottaz.com,Media
presentationmaster.digitalmedianet.com,Media
pressconnects.com,Media
pressofatlanticcity.com,Media
pressrepublican.com,Media
pretty.fm,Media
prevention.com,Media
prnewsonline.com,Media
prnewswire.co.il,Media
prnmedia.prnewswire.com,Media
providence.edgemedianetwork.com,Media
providence.org,Media
providencejournal.com,Media
provisioneronline.com,Media
prudential.com,Media
psychcentral.com,Media
psychguides.com,Media
psychiatrictimes.com,Media
psychiatry.org,Media
psychologicalscience.org,Media
psychologytoday.com,Media
ptcommunity.com,Media
ptialaska.net,Media
ptown.edgemedianetwork.com,Media
publichealthpost.org,Media
publicworks.com,Media
punxsutawneyspirit.com,Media
purdue.edu,Media
puzznati.duckdns.org,Media
pwc.com,Media
quicksilverbroadcasting.com,Media
quotes.freerealtime.com,Media
qz.com,Media
radio-locator.com,Media
radioohio.com,Media
radiooneindiana.com,Media
rbjdaily.com,Media
rd.com,Media
readersdigest.ca,Media
realpittsburgh.com,Media
realsimple.com,Media
record-bee.com,Media
record-eagle.com,Media
recorderonline.com,Media
reddingradio.com,Media
refinery29.com,Media
reflector.com,Media
reformer.com,Media
regionalradio.com,Media
registerguard.com,Media
register-herald.com,Media
register-mail.com,Media
rejoice1490.com,Media
repub.com,Media
researchgate.net,Media
resident.com,Media
reuters.com,Media
reviewandroast.com,Media
reviewjournal.com,Media
reviewofophthalmology.com,Media
reviewofoptometry.com,Media
reviewonline.com,Media
reviewseeker.com,Media
rhodeisland.realestaterama.com,Media
richmondfreepress.com,Media
richmondregister.com,Media
ripharmacists.org,Media
rn.com,Media
roanoke.com,Media
roanoketimes.com,Media
robbreport.com,Media
rockmartjrl.com,Media
rohstoff-welt.de,Media
rollingstone.com,Media
roslyn-news.com,Media
roxboro-courier.com,Media
royalsocietypublishing.org,Media
rrstar.com,Media
rumasingh.com,Media
runnersworld.com,Media
sacobserver.com,Media
sacramento.cbslocal.com,Media
sacramento.edgemedianetwork.com,Media
sacurrent.com,Media
saintlouisargus.com,Media
salesforce.com,Media
salisburypost.com,Media
samacharlive.com,Media
sammamishreview.com,Media
sanchengtv.com,Media
sandiego.edgemedianetwork.com,Media
sandiego6.com,Media
sandiegomagazine.com,Media
sandiegometro.com,Media
sandiegoreader.com,Media
sanduskyregister.com,Media
sanfrancisco.cbslocal.com,Media
sanfrancisco.edgemedianetwork.com,Media
sanjivinisociety.org,Media
santafenewmexican.com,Media
saratoganews.com,Media
saratogian.com,Media
satellite.tmcnet.com,Media
satellitetoday.com,Media
saturdaygazettemail.com,Media
saukvalley.com,Media
savannahnow.com,Media
saveur.com,Media
sbp-journal.com,Media
scholastic.com,Media
schuylkill.com,Media
sciencealert.com,Media
sciencedaily.com,Media
sciencedirect.com,Media
sciencetimes.com,Media
scientificamerican.com,Media
scnow.com,Media
scottsdaletribune.com,Media
scrantontimes.com,Media
scri.com,Media
scribd.com,Media
scripps.com,Media
sctimes.com,Media
sdbj.com,Media
sdbn.org,Media
sdcexec.com,Media
sdhg.net,Media
sdnews.com,Media
sdwanresource.com,Media
seacoastonline.com,Media
seafarerhelp.org,Media
sealatino.net,Media
seattle.edgemedianetwork.com,Media
seattle24x7.com,Media
seattlebusinessmonthly.com,Media
seattlepi.com,Media
seattletimes.com,Media
seekingalpha.com,Media
seizure-journal.com,Media
self.com,Media
semanticscholar.org,Media
semissourian.com,Media
severnaparkguide.com,Media
sexhealthmatters.org,Media
sfbaytimes.com,Media
sfchronicle.com,Media
sfgate.com,Media
sfindependent.com,Media
sfweekly.com,Media
shape.com,Media
shapeamerica.org,Media
shapinginfluence.com,Media
sharecg.com,Media
sharpe.capital,Media
shelbystar.com,Media
shns.com,Media
shreveporttimes.com,Media
simplypsychology.org,Media
sjvcleanenergy.org,Media
skyradionet.com,Media
slate.com,Media
sleep.org,Media
sleepadvisor.org,Media
sleepapnea.org,Media
sleepassociation.org,Media
sleepcouncil.org.uk,Media
sleepeducation.org,Media
sleepforkids.org,Media
sleepfoundation.org,Media
sleephealthfoundation.org.au,Media
sleephealthjournal.org,Media
sleephelp.org,Media
sleepio.com,Media
sleepscience.org.br,Media
slfp.com,Media
sltrib.com,Media
smallbiztrends.com,Media
smalltownpapers.com,Media
smdailypress.com,Media
smithvilleherald.com,Media
snackandbakery.com,Media
sngnews.com,Media
snl.com,Media
snmjournals.org,Media
snntv.com,Media
socalnews.com,Media
soho-today.com,Media
solaraustin.org,Media
solarbusinesshub.com,Media
solardaily.com,Media
solarliving.org,Media
solar-united.org,Media
solutions.cengage.com,Media
south.nj.com,Media
south107.com,Media
southbendtribune.com,Media
southcomm.com,Media
southernliving.com,Media
southernstudies.org,Media
southwesttimes.com,Media
soyatech.com,Media
spacedaily.com,Media
spacewar.com,Media
splinternews.com,Media
s-t.com,Media
stageoflife.com,Media
stamfordadvocate.com,Media
standard.net,Media
standardandpoors.com,Media
standardspeaker.com,Media
starbulletin.com,Media
starherald.com,Media
starhq.com,Media
starmagazine.com,Media
startsleeping.org,Media
stategazette.com,Media
stjoelive.com,Media
stlouis.cbslocal.com,Media
stltoday.com,Media
streetinsider.com,Media
stress.org,Media
stress.org.uk,Media
studentminds.org.uk,Media
studentsagainstdepression.org,Media
suburbanchicagonews.com,Media
summitdaily.com,Media
sundaygazettemail.com,Media
sun-herald.com,Media
sunjournal.com,Media
sunny95.com,Media
suntimes.com,Media
superiorwi.com,Media
supplychaindigital.com,Media
supplychainmarket.com,Media
supportforstepdads.com,Media
swjournal.com,Media
swtimes.com,Media
talkradio1370am.com,Media
talkspace.com,Media
tallahassee.com,Media
tampabay.com,Media
tampabayillustrated.com,Media
tamuk.edu,Media
taquote.com,Media
tdn.com,Media
tdn-net.com,Media
teamtulsa.com,Media
techcrunch.com,Media
techent.tv,Media
techmeme.com,Media
technews.tmcnet.com,Media
technologydaily.com,Media
techradar.com,Media
techtimes.com,Media
teenvogue.com,Media
telegraph.co.uk,Media
telemundo.com,Media
telemundo33.tv,Media
telemundo51.com,Media
telemundochicago.com,Media
telemundola.com,Media
telemundolubbock.com,Media
telmar.com,Media
tennessean.com,Media
tennessee.realestaterama.com,Media
terradaily.com,Media
terranua.com,Media
terristeffes.com,Media
texarkanagazette.com,Media
texasbbqposse.com,Media
texasmonthly.com,Media
t-g.com,Media
the33tv.com,Media
theadvocate.com,Media
theatlantic.com,Media
thebestschools.org,Media
thebudgetfashionista.com,Media
thebusinessjournal.com,Media
thecalifornian.com,Media
thechainmagazine.com,Media
theconversation.com,Media
thecourierexpress.com,Media
thecourier-online.com,Media
thecut.com,Media
thecwaustin.com,Media
thecwsandiego.com,Media
thedailybeast.com,Media
thedailyjournal.com,Media
thedailylight.com,Media
thedailymeal.com,Media
thedailyreview.com,Media
thedailytimes.com,Media
thedeal.com,Media
thedenverdailynews.com,Media
thedronesmag.com,Media
theenergydaily.com,Media
theeveningleader.com,Media
theexaminer.com,Media
thefacts.com,Media
theforecaster.net,Media
thefrontporchmagazine.com,Media
theglobeandmail.com,Media
thegolfchannel.com,Media
theguardian.com,Media
thegulfcoastcw.com,Media
thehealthsite.com,Media
thehealthy.com,Media
theherblifestyle.com,Media
thehill.com,Media
theindependent.com,Media
theintelligencer.net,Media
thejerseyjournal.com,Media
thejournalnews.com,Media
thelancet.com,Media
theleafchronicle.com,Media
themercury.com,Media
the-messenger.com,Media
themighty.com,Media
themommyrundown.com,Media
themonitor.com,Media
themonroetimes.com,Media
themuse.com,Media
thenew971.com,Media
thenewsherald.com,Media
thenumbers.marketplace.org,Media
theoaklandpress.com,Media
theonlineinvestor.com,Media
theonside.com,Media
thepharmaletter.com,Media
thepharmatimes.in,Media
thepilotnews.com,Media
thepost.ohiou.edu,Media
thepostandmail.com,Media
theprogressnews.com,Media
thepublicopinion.com,Media
thequietgrove.com,Media
thercdronehub.com,Media
thereporter.com,Media
thereporteronline.com,Media
thesanjuanstar.com,Media
theseahawk.org,Media
thesleepdoctor.com,Media
thesnaponline.com,Media
thesouthernsoul.com,Media
thestreet.com,Media
thesun.co.uk,Media
thesunchronicle.com,Media
theteaspot.com,Media
thetelegraph.com,Media
thetimesherald.com,Media
thetouchpointsolution.com,Media
theverge.com,Media
theweedreport.org,Media
theweekenddrive.com,Media
thewestburytimes.com,Media
thewhistlingkettle.com,Media
thewirecutter.com,Media
thewoolroom.com,Media
theworldlink.com,Media
thezephyr.com,Media
thezoereport.com,Media
thirteen.org,Media
thiswayup.org.au,Media
thnt.com,Media
thomsonreuters.com,Media
thonline.com,Media
thumbnet.net,Media
time.com,Media
timeoutny.com,Media
timesdaily.com,Media
timesfreepress.com,Media
timesherald.com,Media
timesheraldonline.com,Media
times-online.com,Media
timesrecord.com,Media
timesreporter.com,Media
timesrepublican.com,Media
timesreview.com,Media
timestoday.com,Media
timesunion.com,Media
timeswrsw.com,Media
time-to-change.org.uk,Media
tiredealerdirectory.com,Media
tmcnet.com,Media
tnsolarenergy.org,Media
tobacco.org,Media
today.com,Media
todaysbestmix.com,Media
todaysgrocer.com,Media
todaysthv.com,Media
toledoblade.com,Media
tomsguide.com,Media
touchtmj4.com,Media
townandcountrymag.com,Media
travelandleisure.com,Media
travelks.com,Media
travelwritersnetwork.com,Media
trentonian.com,Media
tribecatrib.com,Media
tribune-chronicle.com,Media
tribune-democrat.com,Media
tribuneledgernews.com,Media
tricityvoice.com,Media
tricountyrecord.com,Media
trilogyir.com,Media
tristatehomepage.com,Media
troyrecord.com,Media
troy-somersetgazette.com,Media
tudorfunds.com,Media
tullahomanews.com,Media
tullyandholland.com,Media
tulsabeacon.com,Media
tulsacw.com,Media
tulsaworld.com,Media
turner.com,Media
tuscaloosanews.com,Media
tv.ku.edu,Media
tvtv.com,Media
twcnyc.com,Media
twincities.com,Media
twincities.edgemedianetwork.com,Media
twistwest.org,Media
txnp.org,Media
txwinelover.com,Media
uavexpertnews.com,Media
uaw-chrysler.com,Media
uchicagomedicine.org,Media
uclahealth.org,Media
uclatv.com,Media
ucsfhealth.org,Media
uihc.org,Media
uis.org,Media
ukiahdailyjournal.com,Media
umkc.edu,Media
union.ncl.ac.uk,Media
union-bulletin.com,Media
unitypoint.org,Media
universityhealthnews.com,Media
univision.com,Media
unogateway.com,Media
upfront.scholastic.com,Media
upi.com,Media
upn50.com,Media
upnorthlive.com,Media
uppermichiganssource.com,Media
urbanvoicesonline.com,Media
urchicago.com,Media
urologyhealth.org,Media
us.etrade.com,Media
us.mobile.reuters.com,Media
usalifesciences.com,Media
usaradio.com,Media
usatoday.com,Media
usaweekend.com,Media
usmagazine.com,Media
usnews.com,Media
uticaod.com,Media
utswmed.org,Media
vaga.org,Media
valcomnews.com,Media
valdostadailytimes.com,Media
valleycentral.com,Media
valleycourier.shorepublishing.com,Media
valleyscw.com,Media
valleystar.com,Media
vanityfair.com,Media
variety.com,Media
venturebeat.com,Media
verilymag.com,Media
verkstadstidningen.com,Media
versusarthritis.org,Media
verywellfamily.com,Media
verywellfit.com,Media
verywellhealth.com,Media
verywellmind.com,Media
vh1.com,Media
viacom.com,Media
vice.com,Media
victoriaadvocate.com,Media
visionmonday.com,Media
vivafifty.com,Media
voanews.com,Media
vogue.com,Media
voiceofsandiego.org,Media
voipsolutionsnews.com,Media
volunteertv.com,Media
vox.com,Media
voxedgemedia.com,Media
vulture.com,Media
vvdailypress.com,Media
wabcradio.com,Media
wabe.org,Media
wabi.tv,Media
wach.com,Media
wacotrib.com,Media
wagmtv.com,Media
wagonertribune.com,Media
wagt.com,Media
waj.org,Media
waka.com,Media
wakr.net,Media
walkingdoggies.com,Media
wall-street.com,Media
wallstreetandtechguide.com,Media
waltonsun.com,Media
wamc.org,Media
wamo.com,Media
wane.com,Media
waow.com,Media
wapakdailynews.com,Media
wapt.com,Media
warm1069.com,Media
washblade.com,Media
washington.edgemedianetwork.com,Media
washingtoncitypaper.com,Media
washingtonexaminer.com,Media
washingtonmonthly.com,Media
washingtonpost.com,Media
washingtontimes.com,Media
waterfordtimes.thetimesgroup.com,Media
watertowndailytime.com,Media
waterworld.com,Media
wattnet.com,Media
watxpraiseradio.com,Media
wavenewspapers.com,Media
wavy.com,Media
waysidewaifs.org,Media
wb22tv.com,Media
wbab.com,Media
wbai.org,Media
wbaltv.com,Media
wbbjtv.com,Media
wbbm780.com,Media
wbez.org,Media
wbfo.org,Media
wbir.com,Media
wbng.com,Media
wboc.com,Media
wbrz.com,Media
wbt.com,Media
wbti.net,Media
wbtw.com,Media
wcbi.com,Media
wccbcharlotte.com,Media
wcgttv.com,Media
wchstv.com,Media
wcia.com,Media
wcjb.com,Media
wckg.com,Media
wcmu.org,Media
wcnc.com,Media
wcpn.org,Media
wcpo.com,Media
wcsh6.com,Media
wcti12.com,Media
wctv6.com,Media
wcvb.com,Media
wcyb.com,Media
wdasam.com,Media
wday.com,Media
wdcb.org,Media
wdef.com,Media
wdel.com,Media
wdet.org,Media
wdhafm.com,Media
wdhn.com,Media
wdky56.com,Media
wdok.com,Media
wdrb.com,Media
wdsu.com,Media
wdtn.com,Media
wdtv.com,Media
wdun.com,Media
wearablesonlinedirectory.com,Media
weartv.com,Media
weatherforddemocrat.com,Media
weau.com,Media
webcenter11.com,Media
webindia123.com,Media
webmd.com,Media
webrtcworld.com,Media
webscalenetworking.com,Media
websitegear.com,Media
wednesdayjournalonline.com,Media
week.com,Media
weekendamerica.publicradio.org,Media
weekender.gcweb.us,Media
weeklystandard.com,Media
welcoa.org,Media
wellandgood.com,Media
wenworld.com,Media
weny.com,Media
weol.com,Media
weos.org,Media
wernerpublishing.com,Media
wesh.com,Media
westcoastwoman.com,Media
westerlytimes.thetimesgroup.com,Media
westernherald.com,Media
westernmassnews.com,Media
westsidespirit.com,Media
westvalleyview.com,Media
westvirginia.realestaterama.com,Media
wevv.com,Media
WFAA.com,Media
wfmj.com,Media
wfmy.com,Media
wfmz.com,Media
wfrv.com,Media
wfsb.com,Media
wfsu.org,Media
wfts.com,Media
wftv.com,Media
wgal.com,Media
wgfm.com,Media
wgme.com,Media
wgnradio.com,Media
wgntv.com,Media
wgnx.com,Media
wgresident.com,Media
wgrz.com,Media
wgst.com,Media
whas11.com,Media
whatshap.com,Media
whattoexpect.com,Media
whatvino.com,Media
wheb.com,Media
wherela.com,Media
whiotv.com,Media
whnt.com,Media
whnz.com,Media
wholesale-voip.tmcnet.com,Media
whoradio.com,Media
whotv.com,Media
whp580.com,Media
wiat.com,Media
wibc.com,Media
wibw.com,Media
wicdtv.com,Media
wics.com,Media
wicz.com,Media
wifr.com,Media
wiley.com,Media
will.uiuc.edu,Media
willowglentimes.com,Media
wilm.com,Media
wilmingtonstar.com,Media
wilsondaily.com,Media
wilx.com,Media
wimsradio.com,Media
winddaily.com,Media
windomnews.com,Media
windycitytimes.com,Media
winebusiness.com,Media
wine-chronicles.com,Media
winecountryinternational.com,Media
winederlusting.com,Media
winedivaa.com,Media
winedivalifestyle.com,Media
winellama.com,Media
wineny.com,Media
wineormous.com,Media
winetraveler.com,Media
winktv.com,Media
wino101.com,Media
wired.com,Media
wirelessandrf.com,Media
wirelessdesignonline.com,Media
wirelessnetworksonline.com,Media
wireready.com,Media
wisconsinrapidstribune.com,Media
wisers.com,Media
wishtv.com,Media
wisn.com,Media
wivb.com,Media
wjactv.com,Media
wjcl.com,Media
wjct.org,Media
wjejradio.com,Media
wjettv.com,Media
wjfw-nbc12.com,Media
wjhl.com,Media
wjla.com,Media
wjmc.org,Media
wjobcalpress.com,Media
wjon.com,Media
wjr.com,Media
wjtv.com,Media
wjxx.com,Media
wkbn.com,Media
wkbw.com,Media
wkes.mbn.org,Media
wkok.com,Media
wkow.com,Media
wkpttv.com,Media
wkrg.com,Media
wkyc.com,Media
wkyt.com,Media
wkzk.net,Media
wkzo.com,Media
wlaj.com,Media
wlfi.com,Media
wlib.com,Media
wlky.com,Media
wlos.com,Media
wlov.com,Media
wlsam.com,Media
wltj.com,Media
wltx.com,Media
wlup.com,Media
wlwt.com,Media
wmagazine.com,Media
wmay.com,Media
wmbd.com,Media
wmbdradio.com,Media
wmfr.com,Media
wmgk.com,Media
wmji.com,Media
wmoh.com,Media
wmot.org,Media
wmtw.com,Media
wmub.org,Media
wmuc.umd.edu,Media
wmuk.org,Media
wmur.com,Media
wn.com,Media
wndu.com,Media
wnem.com,Media
wnep.com,Media
wnko.com,Media
wnta.com,Media
wnur.org,Media
wnyc.org,Media
wnyt.com,Media
woai.com,Media
woay.com,Media
wolfpointherald.com,Media
wolo.com,Media
wolverton.ca,Media
womansday.com,Media
womansworld.com,Media
womansworldmag.com,Media
womc.com,Media
womenfitnessmag.com,Media
womenshealthmag.com,Media
womensmentalhealth.org,Media
womensnewsonline.com,Media
womensrunning.com,Media
wompam.com,Media
woodburnindependent.com,Media
woodfm.com,Media
woodinvillewineupdate.com,Media
woodiq.com,Media
woodradio.com,Media
woodstockwire.com,Media
woodtv.com,Media
wopular.com,Media
wor710.com,Media
worden.com,Media
wordonfire.org,Media
workboat.com,Media
workerscompensation.com,Media
workforcemanagementtoday.com,Media
workforce-optimization.tmcnet.com,Media
worldfoodtravel.org,Media
world-gen.com,Media
worldnow.com,Media
worldpronews.com,Media
wosu.org,Media
wowt.com,Media
wpbf.com,Media
wpecnews12.com,Media
wpgh53.com,Media
wphm.net,Media
wpln.org,Media
wpna1490am.com,Media
wpr.org,Media
wpri.com,Media
wptv.com,Media
wptz.com,Media
wpxi.com,Media
wqad.com,Media
wral.com,Media
wrcam1260.com,Media
wrcbtv.com,Media
wrdw.com,Media
wreg.com,Media
wrgb.com,Media
wrif.com,Media
wrn.com,Media
wrnq.com,Media
wrva.com,Media
wsaz.com,Media
wsba910.com,Media
wsbradio.com,Media
wsbtradio.com,Media
wsbtv.com,Media
wsgw.com,Media
wsiltv.com,Media
wsiu.org,Media
wsj.com,Media
wsjs.com,Media
wsmv.com,Media
wsoctv.com,Media
wsrwam.com,Media
wsvn.com,Media
wsyx6.com,Media
wtae.com,Media
wtajtv.com,Media
wtam.com,Media
wtat.com,Media
wtax.com,Media
wthitv.com,Media
wtkr.com,Media
wtlv.com,Media
wtneamfm.com,Media
wtnh.com,Media
wtov9.com,Media
wtsp.com,Media
wttw.com,Media
wtvh.com,Media
wtvn.com,Media
wtvq.com,Media
wtvr.com,Media
wtvynews4.com,Media
wuft.org,Media
wuog.org,Media
wuot.org,Media
wusa9.com,Media
wutkradio.com,Media
wvea.org,Media
wvec.com,Media
wvgazette.com,Media
wvpubrad.org,Media
wvxu.org,Media
ww2.cfo.com,Media
wwdbam.com,Media
wwhotv.com,Media
wwindea.org,Media
wwjtv.com,Media
wwlp.com,Media
wwltv.com,Media
wwmt.com,Media
wwnytv.com,Media
wxii12.com,Media
wxmi.com,Media
wxyt.com,Media
wxyz.com,Media
wybr.com,Media
wyff4.com,Media
wylienews.com,Media
wyoming.realestaterama.com,Media
wyomingbusinessreport.com,Media
wytv.com,Media
wzzm13.com,Media
xeniosworld.com,Media
xmradio.ca,Media
xmradio.com,Media
xtrasports.com,Media
xxtra.org,Media
yahoo.com,Media
yakima-herald.com,Media
ycharts.com,Media
ydr.com,Media
yellowbrix.com,Media
yewno.com,Media
yomiuri.co.jp,Media
your4state.com,Media
yourcentralvalley.com,Media
yourclassical.org,Media
yourerie.com,Media
zanesvilletimesrecorder.com,Media
zdnet.com,Media
ziffdavis.com,Media
thefashionspot.com,Media
theknot.com,Media
intothegloss.com,Media
emedicine.medscape.com,Media
harpersbazaar.com.au,Media
glamourmagazine.co.uk,Media
instylemag.com.au,Media
etonline.com,Media
littlethings.com,Media
coveteur.com,Media
seventeen.com,Media
todaysparent.com,Media
globalnews.ca,Media
purewow.com,Media
goop.com,Media
swirlster.ndtv.com,Media
stylecraze.com,Media
dermatologytimes.com,Media
scarymommy.com,Media
totalbeauty.com,Media
vogue.in,Media
thethirty.whowhatwear.com,Media
whowhatwear.com,Media
femina.in,Media
realself.com,Media
huffingtonpost.ca,Media
stylecaster.com,Media
vogue.co.uk,Media
mydomaine.com,Media
theeverygirl.com,Media
bestproducts.com,Media
getthegloss.com,Media
highsnobiety.com,Media
thegoodtrade.com,Media
beautylish.com,Media
askmen.com,Media
hellobeautiful.com,Media
thelondonmother.net,Media
manrepeller.com,Media
beautybox.allure.com,Media
juniormagazine.co.uk,Media
abc.net.au,Media
abc7news.com,Media
elle.com.au,Media
harpersbazaar.com.sg,Media
popsugar.co.uk,Media
shape.com.sg,Media
vogue.com.au,Media
whowhatwear.co.uk,Media
womenshealth.com.au,Media
womensweekly.com.sg,Media
eatingwell.com,Media